brand,modelName,sourceModelName,yearStart,yearEnd,isInProduction,productionYears,bodyStyle,segment,country,fuelType,engineType,displacementCc,powerHp,transmission,drivetrain,engineOptionsCount,description,image,photos,tags,sourceUrl,externalId
"Brough Superior","AMB 002 Roadster","Brough Superior AMB 002 Roadster",2026,,true,"2026;2027","Motorcycle","Sport/SuperSport","France","Petrol","four-stroke, liquid-cooled, V-twin",1083,130,"6-speed, cassette-type",,1,"The 2027 Brough Superior AMB 002 Roadster combines design, innovation, craftsmanship, and exclusivity, aimed at discerning road riders and collectors. Production is limited to 300 units, featuring a CNC Titanium frame and a powerful 1,083cc V-twin engine.","https://s1.cdn.autoevolution.com/images/moto_models/BROUGH-SUPERIOR_AMB-002-Roadster-2026_main.jpg","https://s1.cdn.autoevolution.com/images/moto_gallery/brough-superior-amb-002-roadster-2026-16554_1.jpg;https://s1.cdn.autoevolution.com/images/moto_gallery/brough-superior-amb-002-roadster-2026-16554_2.jpg;https://s1.cdn.autoevolution.com/images/moto_gallery/brough-superior-amb-002-roadster-2026-16554_3.jpg;https://s1.cdn.autoevolution.com/images/moto_gallery/brough-superior-amb-002-roadster-2026-16554_4.jpg;https://s1.cdn.autoevolution.com/images/moto_gallery/brough-superior-amb-002-roadster-2026-16554_5.jpg;https://s1.cdn.autoevolution.com/images/moto_gallery/brough-superior-amb-002-roadster-2026-16554_6.jpg;https://s1.cdn.autoevolution.com/images/moto_gallery/brough-superior-amb-002-roadster-2026-16554_7.jpg;https://s1.cdn.autoevolution.com/images/moto_gallery/brough-superior-amb-002-roadster-2026-16554_8.jpg;https://s1.cdn.autoevolution.com/images/moto_gallery/brough-superior-amb-002-roadster-2026-16554_9.jpg;https://s1.cdn.autoevolution.com/images/moto_gallery/brough-superior-amb-002-roadster-2026-16554_10.jpg","brough superior;motorcycle;roadster;superbike;luxury;limited edition;high performance;artisanal;elegance;innovation","https://www.autoevolution.com/moto/brough-superior-amb-002-roadster-2026.html","autoevolution:moto:brough-superior-amb-002-roadster-2026"
"BMW","X5","BMW X5",2026,,true,"2026","SUV","Large SUV","Germany","Hybrid",,,,"8-speed automatic","AWD",4,"The 2026 BMW X5 introduces a new design language along with a variety of engine options, including hybrid and hydrogen variants, ensuring performance and efficiency.","https://s1.cdn.autoevolution.com/images/models/BMW_X5-2026_main.jpg",,"suv;large;bmw;2026","https://www.autoevolution.com/cars/bmw-x5-2026.html","autoevolution:car:bmw-x5-2026"
"BMW","iX5","BMW iX5",2026,,true,"2026","SUV (Sports Utility Vehicle)","Large SUV","Germany","Electric","Electric",,578,"1-speed automatic",,1,"The 2026 BMW iX5 became the first all-electric X5, combining the fifth-generation SAV's Neue Klasse-inspired design with long range, rapid charging, and dual-motor all-wheel drive.","https://s1.cdn.autoevolution.com/images/models/BMW_iX5-2026_main.jpg","https://s1.cdn.autoevolution.com/images/gallery/bmw-ix5-2026-8104_38.jpg;https://s1.cdn.autoevolution.com/images/gallery/bmw-ix5-2026-8104_39.jpg;https://s1.cdn.autoevolution.com/images/gallery/bmw-ix5-2026-8104_40.jpg;https://s1.cdn.autoevolution.com/images/gallery/bmw-ix5-2026-8104_41.jpg;https://s1.cdn.autoevolution.com/images/gallery/bmw-ix5-2026-8104_42.jpg;https://s1.cdn.autoevolution.com/images/gallery/bmw-ix5-2026-8104_43.jpg;https://s1.cdn.autoevolution.com/images/gallery/bmw-ix5-2026-8104_44.jpg;https://s1.cdn.autoevolution.com/images/gallery/bmw-ix5-2026-8104_45.jpg;https://s1.cdn.autoevolution.com/images/gallery/bmw-ix5-2026-8104_46.jpg;https://s1.cdn.autoevolution.com/images/gallery/bmw-ix5-2026-8104_47.jpg","bmw;ix5;electric;suv;2026","https://www.autoevolution.com/cars/bmw-ix5-2026.html","autoevolution:car:bmw-ix5-2026"
"BMW","i3 Sedan","BMW i3",2026,,true,"2026","Sedan","Compact","Germany","Electric","Electric",,463,,,1,"BMW unveiled the 2026 i3 as the brand's first compact executive sedan designed from the start as a fully electric model that combines 3 Series driving dynamics with advanced EV technologies.","https://s1.cdn.autoevolution.com/images/models/BMW_i3-2026_main.jpg","https://s1.cdn.autoevolution.com/images/gallery/bmw-i3-2026-8034_24.jpg;https://s1.cdn.autoevolution.com/images/gallery/bmw-i3-2026-8034_25.jpg;https://s1.cdn.autoevolution.com/images/gallery/bmw-i3-2026-8034_26.jpg;https://s1.cdn.autoevolution.com/images/gallery/bmw-i3-2026-8034_27.jpg;https://s1.cdn.autoevolution.com/images/gallery/bmw-i3-2026-8034_28.jpg;https://s1.cdn.autoevolution.com/images/gallery/bmw-i3-2026-8034_29.jpg;https://s1.cdn.autoevolution.com/images/gallery/bmw-i3-2026-8034_30.jpg;https://s1.cdn.autoevolution.com/images/gallery/bmw-i3-2026-8034_31.jpg;https://s1.cdn.autoevolution.com/images/gallery/bmw-i3-2026-8034_32.jpg;https://s1.cdn.autoevolution.com/images/gallery/bmw-i3-2026-8034_33.jpg","bmw;electric;i3;compact;sedan;2026","https://www.autoevolution.com/cars/bmw-i3-2026.html","autoevolution:car:bmw-i3-2026"
"BMW","7 Series","BMW 7 Series",2026,,true,"2026","Sedan","Luxury","Germany",,,,,,,4,"The 2026 BMW 7 Series refreshed its design with updated drivetrain options, including mild-hybrid and plug-in hybrid engines, as well as a fully electric variant. It combines luxury with advanced technology, particularly in its interior features.","https://s1.cdn.autoevolution.com/images/models/BMW_7-Series-2026_main.jpg","https://s1.cdn.autoevolution.com/images/gallery/bmw-7-series-2026-8055_19.jpg;https://s1.cdn.autoevolution.com/images/gallery/bmw-7-series-2026-8055_20.jpg;https://s1.cdn.autoevolution.com/images/gallery/bmw-7-series-2026-8055_21.jpg;https://s1.cdn.autoevolution.com/images/gallery/bmw-7-series-2026-8055_22.jpg;https://s1.cdn.autoevolution.com/images/gallery/bmw-7-series-2026-8055_23.jpg;https://s1.cdn.autoevolution.com/images/gallery/bmw-7-series-2026-8055_24.jpg;https://s1.cdn.autoevolution.com/images/gallery/bmw-7-series-2026-8055_25.jpg;https://s1.cdn.autoevolution.com/images/gallery/bmw-7-series-2026-8055_26.jpg;https://s1.cdn.autoevolution.com/images/gallery/bmw-7-series-2026-8055_27.jpg;https://s1.cdn.autoevolution.com/images/gallery/bmw-7-series-2026-8055_28.jpg","bmw;7 series;luxury;hybrid;electric","https://www.autoevolution.com/cars/bmw-7-series-2026.html","autoevolution:car:bmw-7-series-2026"
"BMW","i7 (LCI)","BMW i7",2026,,true,"2026","Sedan","Luxury","Germany","Electric","Electric",,,,"All Wheel Drive",3,"The 2026 BMW i7 is the electric version of the refreshed 7 Series, featuring technological advancements and improved battery range, offering a luxurious interior and high-performance driving dynamics.","https://s1.cdn.autoevolution.com/images/models/BMW_i7-2026_main.jpg","https://s1.cdn.autoevolution.com/images/gallery/bmw-i7-2026-8056_1.jpg;https://s1.cdn.autoevolution.com/images/gallery/bmw-i7-2026-8056_2.jpg;https://s1.cdn.autoevolution.com/images/gallery/bmw-i7-2026-8056_3.jpg;https://s1.cdn.autoevolution.com/images/gallery/bmw-i7-2026-8056_4.jpg;https://s1.cdn.autoevolution.com/images/gallery/bmw-i7-2026-8056_5.jpg;https://s1.cdn.autoevolution.com/images/gallery/bmw-i7-2026-8056_6.jpg;https://s1.cdn.autoevolution.com/images/gallery/bmw-i7-2026-8056_7.jpg;https://s1.cdn.autoevolution.com/images/gallery/bmw-i7-2026-8056_8.jpg;https://s1.cdn.autoevolution.com/images/gallery/bmw-i7-2026-8056_9.jpg;https://s1.cdn.autoevolution.com/images/gallery/bmw-i7-2026-8056_10.jpg","bmw;electric;luxury;sedan;i7","https://www.autoevolution.com/cars/bmw-i7-2026.html","autoevolution:car:bmw-i7-2026"
"Lexus","TZ","2027 Lexus TZ",2026,,true,"2026","SUV (Sports Utility Vehicle)","Large SUV","Japan","Electric",,,,"1-speed automatic",,1,"Lexus introduced the 2027 TZ model as its first three-row battery-electric SUV, which also played as a new luxury alternative to the TX range. Built on the TNGA platform, it offers a spacious cabin with sustainable materials and advanced technology features.","https://s1.cdn.autoevolution.com/images/models/LEXUS_TZ-2026_main.jpg","https://s1.cdn.autoevolution.com/images/gallery/lexus-tz-2026-8067_32.jpg;https://s1.cdn.autoevolution.com/images/gallery/lexus-tz-2026-8067_33.jpg;https://s1.cdn.autoevolution.com/images/gallery/lexus-tz-2026-8067_34.jpg;https://s1.cdn.autoevolution.com/images/gallery/lexus-tz-2026-8067_35.jpg;https://s1.cdn.autoevolution.com/images/gallery/lexus-tz-2026-8067_36.jpg;https://s1.cdn.autoevolution.com/images/gallery/lexus-tz-2026-8067_37.jpg;https://s1.cdn.autoevolution.com/images/gallery/lexus-tz-2026-8067_38.jpg;https://s1.cdn.autoevolution.com/images/gallery/lexus-tz-2026-8067_39.jpg;https://s1.cdn.autoevolution.com/images/gallery/lexus-tz-2026-8067_40.jpg;https://s1.cdn.autoevolution.com/images/gallery/lexus-tz-2026-8067_41.jpg","electric;luxury;suv;three-row;battery-electric","https://www.autoevolution.com/cars/lexus-tz-2026.html","autoevolution:car:lexus-tz-2026"
"Audi","Q4 e-tron","2026 Audi Q4 e-tron",2026,,true,"2026","SUV (Sports Utility Vehicle)","Medium SUV","Germany","Electric",,,,,,3,"The 2026 Audi Q4 e-tron improved Audi's electric entry point with sharper styling, a more advanced cabin, greater efficiency, bidirectional charging, and stronger everyday usability.","https://s1.cdn.autoevolution.com/images/models/AUDI_Q4-e-tron-2026_main.jpg","https://s1.cdn.autoevolution.com/images/gallery/audi-q4-e-tron-2026-8059_9.jpg;https://s1.cdn.autoevolution.com/images/gallery/audi-q4-e-tron-2026-8059_10.jpg;https://s1.cdn.autoevolution.com/images/gallery/audi-q4-e-tron-2026-8059_11.jpg;https://s1.cdn.autoevolution.com/images/gallery/audi-q4-e-tron-2026-8059_12.jpg;https://s1.cdn.autoevolution.com/images/gallery/audi-q4-e-tron-2026-8059_13.jpg;https://s1.cdn.autoevolution.com/images/gallery/audi-q4-e-tron-2026-8059_14.jpg;https://s1.cdn.autoevolution.com/images/gallery/audi-q4-e-tron-2026-8059_15.jpg;https://s1.cdn.autoevolution.com/images/gallery/audi-q4-e-tron-2026-8059_16.jpg;https://s1.cdn.autoevolution.com/images/gallery/audi-q4-e-tron-2026-8059_17.jpg;https://s1.cdn.autoevolution.com/images/gallery/audi-q4-e-tron-2026-8059_18.jpg","audi;q4;electric;suv;2026","https://www.autoevolution.com/cars/audi-q4-e-tron-2026.html","autoevolution:car:audi-q4-e-tron-2026"
"Dacia","Spring","2026 Dacia Spring",2026,,true,"2026","SUV (Sports Utility Vehicle)","Small SUV","Romania","Electric",,,82,,,1,"The 2026 Dacia Spring is a reinvented small electric vehicle featuring fresh styling and a spacious cabin, designed primarily for urban use with a range of 250 km (155 miles).","https://s1.cdn.autoevolution.com/images/models/DACIA_Spring-2026_main.jpg","https://s1.cdn.autoevolution.com/images/gallery/dacia-spring-2026-8142_1.jpg;https://s1.cdn.autoevolution.com/images/gallery/dacia-spring-2026-8142_2.jpg;https://s1.cdn.autoevolution.com/images/gallery/dacia-spring-2026-8142_3.jpg;https://s1.cdn.autoevolution.com/images/gallery/dacia-spring-2026-8142_4.jpg;https://s1.cdn.autoevolution.com/images/gallery/dacia-spring-2026-8142_5.jpg;https://s1.cdn.autoevolution.com/images/gallery/dacia-spring-2026-8142_6.jpg;https://s1.cdn.autoevolution.com/images/gallery/dacia-spring-2026-8142_7.jpg;https://s1.cdn.autoevolution.com/images/gallery/dacia-spring-2026-8142_8.jpg;https://s1.cdn.autoevolution.com/images/gallery/dacia-spring-2026-8142_9.jpg;https://s1.cdn.autoevolution.com/images/gallery/dacia-spring-2026-8142_10.jpg","electric;suv;small;commuting;urban;dacia","https://www.autoevolution.com/cars/dacia-spring-2026.html","autoevolution:car:dacia-spring-2026"
"Volvo","EC40","VOLVO EC40",2026,,true,"2026","SUV (Sports Utility Vehicle)","Compact SUV","Sweden","Electric",,,,,,,"In 2026, Volvo refreshed its entire 40 range, and among them, the EC40 received a significant update that improved its styling and technology. This compact electric crossover coupe combines an elevated stance with a sleek design and advanced safety features.","https://s1.cdn.autoevolution.com/images/models/VOLVO_EC40-2026_main.jpg","https://s1.cdn.autoevolution.com/images/gallery/volvo-ec40-2026-8143_12.jpg;https://s1.cdn.autoevolution.com/images/gallery/volvo-ec40-2026-8143_13.jpg;https://s1.cdn.autoevolution.com/images/gallery/volvo-ec40-2026-8143_14.jpg;https://s1.cdn.autoevolution.com/images/gallery/volvo-ec40-2026-8143_15.jpg;https://s1.cdn.autoevolution.com/images/gallery/volvo-ec40-2026-8143_16.jpg;https://s1.cdn.autoevolution.com/images/gallery/volvo-ec40-2026-8143_17.jpg;https://s1.cdn.autoevolution.com/images/gallery/volvo-ec40-2026-8143_18.jpg;https://s1.cdn.autoevolution.com/images/gallery/volvo-ec40-2026-8143_19.jpg;https://s1.cdn.autoevolution.com/images/gallery/volvo-ec40-2026-8143_20.jpg;https://s1.cdn.autoevolution.com/images/gallery/volvo-ec40-2026-8143_21.jpg","volvo;ec40;suv;electric;compact;2026;update;crossover;scandinavian design;safety features","https://www.autoevolution.com/cars/volvo-ec40-2026.html","autoevolution:car:volvo-ec40-2026"
"Ferrari","CZ26","Ferrari CZ26",2026,2026,false,"2026","Coupé (two-door)","Luxury","Italy","Plug-in Hybrid","4.0L V8 PHEV",3990,986,"8-automatic",,1,"Ferrari created the 2026 CZ26 as a one-off for an American customer, wrapping the SF90 Stradale's plug-in hybrid powertrain and chassis in completely redesigned bodywork with a retro-futuristic appearance.","https://s1.cdn.autoevolution.com/images/models/FERRARI_CZ26-2026_main.jpg","https://s1.cdn.autoevolution.com/images/gallery/ferrari-cz26-2026-8125_5.jpg;https://s1.cdn.autoevolution.com/images/gallery/ferrari-cz26-2026-8125_6.jpg;https://s1.cdn.autoevolution.com/images/gallery/ferrari-cz26-2026-8125_7.jpg;https://s1.cdn.autoevolution.com/images/gallery/ferrari-cz26-2026-8125_8.jpg;https://s1.cdn.autoevolution.com/images/gallery/ferrari-cz26-2026-8125_9.jpg;https://s1.cdn.autoevolution.com/images/gallery/ferrari-cz26-2026-8125_10.jpg;https://s1.cdn.autoevolution.com/images/gallery/ferrari-cz26-2026-8125_11.jpg;https://s1.cdn.autoevolution.com/images/gallery/ferrari-cz26-2026-8125_12.jpg;https://s1.cdn.autoevolution.com/images/gallery/ferrari-cz26-2026-8125_13.jpg;https://s1.cdn.autoevolution.com/images/gallery/ferrari-cz26-2026-8125_14.jpg","ferrari;cz26;luxury;coupé;plug-in hybrid","https://www.autoevolution.com/cars/ferrari-cz26-2026.html","autoevolution:car:ferrari-cz26-2026"
"Mercedes-Benz","VLE","VLE",2026,,true,"2026","Van","Luxury","Germany","Electric",,,,,,2,"The 2026 Mercedes-Benz VLE is a new generation of luxury vans that blend limousine-level comfort with van practicality, offering long electric range and advanced onboard technologies.","https://s1.cdn.autoevolution.com/images/models/MERCEDES-BENZ_VLE-2026_main.jpg","https://s1.cdn.autoevolution.com/images/gallery/mercedes-benz-vle-2026-8028_57.jpg;https://s1.cdn.autoevolution.com/images/gallery/mercedes-benz-vle-2026-8028_58.jpg;https://s1.cdn.autoevolution.com/images/gallery/mercedes-benz-vle-2026-8028_59.jpg;https://s1.cdn.autoevolution.com/images/gallery/mercedes-benz-vle-2026-8028_60.jpg;https://s1.cdn.autoevolution.com/images/gallery/mercedes-benz-vle-2026-8028_61.jpg;https://s1.cdn.autoevolution.com/images/gallery/mercedes-benz-vle-2026-8028_62.jpg;https://s1.cdn.autoevolution.com/images/gallery/mercedes-benz-vle-2026-8028_63.jpg;https://s1.cdn.autoevolution.com/images/gallery/mercedes-benz-vle-2026-8028_64.jpg;https://s1.cdn.autoevolution.com/images/gallery/mercedes-benz-vle-2026-8028_65.jpg;https://s1.cdn.autoevolution.com/images/gallery/mercedes-benz-vle-2026-8028_66.jpg","luxury;electric;van","https://www.autoevolution.com/cars/mercedes-benz-vle-2026.html","autoevolution:car:mercedes-benz-vle-2026"
"Volvo","EX40","VOLVO EX40",2026,,true,"2026","SUV (Sports Utility Vehicle)","Compact SUV","Sweden","Electric",,,,,,,"In 2026, Volvo updated its EX40 model, enhancing its electric crossover's styling and technology, while maintaining a focus on spaciousness and driver comfort.","https://s1.cdn.autoevolution.com/images/models/VOLVO_EX40-2026_main.jpg","https://s1.cdn.autoevolution.com/images/gallery/volvo-ex40-2026-8147_14.jpg;https://s1.cdn.autoevolution.com/images/gallery/volvo-ex40-2026-8147_15.jpg;https://s1.cdn.autoevolution.com/images/gallery/volvo-ex40-2026-8147_16.jpg;https://s1.cdn.autoevolution.com/images/gallery/volvo-ex40-2026-8147_17.jpg;https://s1.cdn.autoevolution.com/images/gallery/volvo-ex40-2026-8147_18.jpg;https://s1.cdn.autoevolution.com/images/gallery/volvo-ex40-2026-8147_19.jpg;https://s1.cdn.autoevolution.com/images/gallery/volvo-ex40-2026-8147_20.jpg;https://s1.cdn.autoevolution.com/images/gallery/volvo-ex40-2026-8147_21.jpg;https://s1.cdn.autoevolution.com/images/gallery/volvo-ex40-2026-8147_22.jpg;https://s1.cdn.autoevolution.com/images/gallery/volvo-ex40-2026-8147_23.jpg","volvo;electric;suv;compact;2026;crossover;safety;technology;design;engineering","https://www.autoevolution.com/cars/volvo-ex40-2026.html","autoevolution:car:volvo-ex40-2026"
"Volvo","XC40","VOLVO XC40",2026,,true,"2026","SUV (Sports Utility Vehicle)","Compact SUV","Sweden",,,,,,,,"In 2026, Volvo refreshed its entire 40 range, and among them, the XC40 received a significant update that sharpened the compact crossover's styling and improved its cabin and technology. The updated variant came with substantial styling improvements and better safety and driver-assistance technology.","https://s1.cdn.autoevolution.com/images/models/VOLVO_XC40-2026_main.jpg","https://s1.cdn.autoevolution.com/images/gallery/volvo-xc40-2026-8146_23.jpg;https://s1.cdn.autoevolution.com/images/gallery/volvo-xc40-2026-8146_24.jpg;https://s1.cdn.autoevolution.com/images/gallery/volvo-xc40-2026-8146_25.jpg;https://s1.cdn.autoevolution.com/images/gallery/volvo-xc40-2026-8146_26.jpg;https://s1.cdn.autoevolution.com/images/gallery/volvo-xc40-2026-8146_27.jpg;https://s1.cdn.autoevolution.com/images/gallery/volvo-xc40-2026-8146_28.jpg;https://s1.cdn.autoevolution.com/images/gallery/volvo-xc40-2026-8146_29.jpg;https://s1.cdn.autoevolution.com/images/gallery/volvo-xc40-2026-8146_30.jpg;https://s1.cdn.autoevolution.com/images/gallery/volvo-xc40-2026-8146_31.jpg;https://s1.cdn.autoevolution.com/images/gallery/volvo-xc40-2026-8146_32.jpg","volvo;xc40;suv;compact;2026","https://www.autoevolution.com/cars/volvo-xc40-2026.html","autoevolution:car:volvo-xc40-2026"
"Renault","Niagara","Renault Niagara",2026,,true,"2026","Truck","Midsize Pickup","France","Gasoline",,,,,,1,"The 2026 Renault Niagara is a midsize pickup designed for both personal and commercial use, offering a rugged appearance and a range of modern features.","https://s1.cdn.autoevolution.com/images/models/RENAULT_Niagara-2026_main.jpg","https://s1.cdn.autoevolution.com/images/gallery/renault-niagara-2026-8144_41.jpg;https://s1.cdn.autoevolution.com/images/gallery/renault-niagara-2026-8144_42.jpg;https://s1.cdn.autoevolution.com/images/gallery/renault-niagara-2026-8144_43.jpg;https://s1.cdn.autoevolution.com/images/gallery/renault-niagara-2026-8144_44.jpg;https://s1.cdn.autoevolution.com/images/gallery/renault-niagara-2026-8144_45.jpg;https://s1.cdn.autoevolution.com/images/gallery/renault-niagara-2026-8144_46.jpg;https://s1.cdn.autoevolution.com/images/gallery/renault-niagara-2026-8144_47.jpg;https://s1.cdn.autoevolution.com/images/gallery/renault-niagara-2026-8144_48.jpg;https://s1.cdn.autoevolution.com/images/gallery/renault-niagara-2026-8144_49.jpg;https://s1.cdn.autoevolution.com/images/gallery/renault-niagara-2026-8144_50.jpg","renault;niagara;pickup;midsize;2026","https://www.autoevolution.com/cars/renault-niagara-2026.html","autoevolution:car:renault-niagara-2026"
"Ferrari","Amalfi Spider","Ferrari Amalfi Spider",2026,,true,"2026","Coupé (two-door)","Exotic","Italy","Petrol","V8",3855,640,"8-speed automatic","RWD",1,"With the 2026 Ferrari Amalfi Spider, the Italian car manufacturer expanded its grand touring sports car range, blending high-performance engineering, everyday usability, and the pleasure of driving under a clear sky.","https://s1.cdn.autoevolution.com/images/models/FERRARI_Amalfi-Spider-2026_main.jpg","https://s1.cdn.autoevolution.com/images/gallery/ferrari-amalfi-spider-2026-8030_6.jpg;https://s1.cdn.autoevolution.com/images/gallery/ferrari-amalfi-spider-2026-8030_7.jpg;https://s1.cdn.autoevolution.com/images/gallery/ferrari-amalfi-spider-2026-8030_8.jpg;https://s1.cdn.autoevolution.com/images/gallery/ferrari-amalfi-spider-2026-8030_9.jpg;https://s1.cdn.autoevolution.com/images/gallery/ferrari-amalfi-spider-2026-8030_10.jpg;https://s1.cdn.autoevolution.com/images/gallery/ferrari-amalfi-spider-2026-8030_11.jpg;https://s1.cdn.autoevolution.com/images/gallery/ferrari-amalfi-spider-2026-8030_12.jpg;https://s1.cdn.autoevolution.com/images/gallery/ferrari-amalfi-spider-2026-8030_13.jpg;https://s1.cdn.autoevolution.com/images/gallery/ferrari-amalfi-spider-2026-8030_14.jpg;https://s1.cdn.autoevolution.com/images/gallery/ferrari-amalfi-spider-2026-8030_15.jpg","ferrari;amalfi spider;exotic;2026","https://www.autoevolution.com/cars/ferrari-amalfi-spider-2026.html","autoevolution:car:ferrari-amalfi-spider-2026"
"Land Rover","Range Rover Electric","Range Rover Electric",2026,,true,"2026","SUV (Sports Utility Vehicle)","Large SUV","United Kingdom","Electric","Electric",,542,"1-automatic speed","AWD",1,"The 2027 Range Rover Electric combines the fifth generation's familiar design and off-road abilities with a fully electric drivetrain, maintaining Land Rover's luxury standards.","https://s1.cdn.autoevolution.com/images/models/LAND-ROVER_Range-Rover-Electric-2026_main.jpg","https://s1.cdn.autoevolution.com/images/gallery/land-rover-range-rover-electric-2026-8141_1.jpg;https://s1.cdn.autoevolution.com/images/gallery/land-rover-range-rover-electric-2026-8141_2.jpg;https://s1.cdn.autoevolution.com/images/gallery/land-rover-range-rover-electric-2026-8141_3.jpg;https://s1.cdn.autoevolution.com/images/gallery/land-rover-range-rover-electric-2026-8141_4.jpg;https://s1.cdn.autoevolution.com/images/gallery/land-rover-range-rover-electric-2026-8141_5.jpg;https://s1.cdn.autoevolution.com/images/gallery/land-rover-range-rover-electric-2026-8141_6.jpg;https://s1.cdn.autoevolution.com/images/gallery/land-rover-range-rover-electric-2026-8141_7.jpg;https://s1.cdn.autoevolution.com/images/gallery/land-rover-range-rover-electric-2026-8141_8.jpg;https://s1.cdn.autoevolution.com/images/gallery/land-rover-range-rover-electric-2026-8141_9.jpg;https://s1.cdn.autoevolution.com/images/gallery/land-rover-range-rover-electric-2026-8141_10.jpg","electric;suv;luxury","https://www.autoevolution.com/cars/land-rover-range-rover-electric-2026.html","autoevolution:car:land-rover-range-rover-electric-2026"
"Honda","NT1100 Electronic Suspension","HONDA NT1100 Electronic Suspension",2022,,true,"2022;2023;2024;2025;2026;2027","Motorcycle","Touring","Japan","Petrol","Parallel-twin",1084,102,"6-speed DCT",,2,"The 2027 Honda NT1100 Electronic Suspension is a touring motorcycle featuring advanced rider aids and a powerful engine. It offers a blend of comfort and high-performance capabilities for enthusiasts.","https://s1.cdn.autoevolution.com/images/moto_models/HONDA_NT1100-Electronic-Suspension-2022_main.jpg","https://s1.cdn.autoevolution.com/images/moto_gallery/honda-nt1100-electronic-suspension-2022-16559_1.jpg;https://s1.cdn.autoevolution.com/images/moto_gallery/honda-nt1100-electronic-suspension-2022-16559_2.jpg;https://s1.cdn.autoevolution.com/images/moto_gallery/honda-nt1100-electronic-suspension-2022-16559_3.jpg;https://s1.cdn.autoevolution.com/images/moto_gallery/honda-nt1100-electronic-suspension-2022-16559_4.jpg;https://s1.cdn.autoevolution.com/images/moto_gallery/honda-nt1100-electronic-suspension-2022-16559_5.jpg;https://s1.cdn.autoevolution.com/images/moto_gallery/honda-nt1100-electronic-suspension-2022-16559_6.jpg;https://s1.cdn.autoevolution.com/images/moto_gallery/honda-nt1100-electronic-suspension-2022-16559_7.jpg;https://s1.cdn.autoevolution.com/images/moto_gallery/honda-nt1100-electronic-suspension-2022-16559_8.jpg;https://s1.cdn.autoevolution.com/images/moto_gallery/honda-nt1100-electronic-suspension-2022-16559_9.jpg;https://s1.cdn.autoevolution.com/images/moto_gallery/honda-nt1100-electronic-suspension-2022-16559_10.jpg","touring;electronic suspension;honda;motorcycle;nt1100","https://www.autoevolution.com/moto/honda-nt1100-electronic-suspension-2022.html","autoevolution:moto:honda-nt1100-electronic-suspension-2022"
"KTM","690 Rally","KTM 690 Rally",2026,,true,"2026;2027","Dual-Sport","Dual-Sport","Austria","Petrol","four-stroke, liquid-cooled, single-cylinder",692,78,"6-speed manual",,1,"The 2027 KTM 690 Rally is a dual-sport motorcycle designed for adventure seekers, featuring an extended range and rally-inspired performance. Built on the proven KTM 690 Enduro R platform, it excels in challenging terrains.","https://s1.cdn.autoevolution.com/images/moto_models/KTM_690-Rally-2026_main.jpg","https://s1.cdn.autoevolution.com/images/moto_gallery/ktm-690-rally-2026-16558_1.jpg;https://s1.cdn.autoevolution.com/images/moto_gallery/ktm-690-rally-2026-16558_2.jpg;https://s1.cdn.autoevolution.com/images/moto_gallery/ktm-690-rally-2026-16558_3.jpg;https://s1.cdn.autoevolution.com/images/moto_gallery/ktm-690-rally-2026-16558_4.jpg;https://s1.cdn.autoevolution.com/images/moto_gallery/ktm-690-rally-2026-16558_5.jpg;https://s1.cdn.autoevolution.com/images/moto_gallery/ktm-690-rally-2026-16558_6.jpg;https://s1.cdn.autoevolution.com/images/moto_gallery/ktm-690-rally-2026-16558_7.jpg;https://s1.cdn.autoevolution.com/images/moto_gallery/ktm-690-rally-2026-16558_8.jpg;https://s1.cdn.autoevolution.com/images/moto_gallery/ktm-690-rally-2026-16558_9.jpg;https://s1.cdn.autoevolution.com/images/moto_gallery/ktm-690-rally-2026-16558_10.jpg","dual-sport;rally;ktm;690;motorcycle;adventure;2027;performance;enduro;austrian","https://www.autoevolution.com/moto/ktm-690-rally-2026.html","autoevolution:moto:ktm-690-rally-2026"
"Brough Superior","RMB01","BROUGH SUPERIOR RMB01",2025,,true,"2025","Motorcycle","Sport/SuperSport","France","Petrol","four-stroke, liquid-cooled, V-twin",997,130,"6-speed, cassette-type",,1,"The 2025 Brough Superior RMB01 is a luxury motorcycle resulting from a partnership with Richard Mille, featuring high-end craftsmanship, technological innovation, and a limited production run of 150 units.","https://s1.cdn.autoevolution.com/images/moto_models/BROUGH-SUPERIOR_RMB01-2025_main.jpg","https://s1.cdn.autoevolution.com/images/moto_gallery/brough-superior-rmb01-2025-16557_1.jpg;https://s1.cdn.autoevolution.com/images/moto_gallery/brough-superior-rmb01-2025-16557_2.jpg;https://s1.cdn.autoevolution.com/images/moto_gallery/brough-superior-rmb01-2025-16557_3.jpg;https://s1.cdn.autoevolution.com/images/moto_gallery/brough-superior-rmb01-2025-16557_4.jpg;https://s1.cdn.autoevolution.com/images/moto_gallery/brough-superior-rmb01-2025-16557_5.jpg;https://s1.cdn.autoevolution.com/images/moto_gallery/brough-superior-rmb01-2025-16557_6.jpg;https://s1.cdn.autoevolution.com/images/moto_gallery/brough-superior-rmb01-2025-16557_7.jpg;https://s1.cdn.autoevolution.com/images/moto_gallery/brough-superior-rmb01-2025-16557_8.jpg;https://s1.cdn.autoevolution.com/images/moto_gallery/brough-superior-rmb01-2025-16557_9.jpg;https://s1.cdn.autoevolution.com/images/moto_gallery/brough-superior-rmb01-2025-16557_10.jpg","sport;limited edition;brough;superior;rmb01;motorcycle;luxury;limited;collaboration;richard mille;artisan","https://www.autoevolution.com/moto/brough-superior-rmb01-2025.html","autoevolution:moto:brough-superior-rmb01-2025"
"Brough Superior","AMB 001","BROUGH SUPERIOR AMB 001",2020,,true,"2020","Motorcycle","Sport/SuperSport","France","Petrol","four-stroke, liquid-cooled, V-twin",997,180,"6-speed manual",,1,"The 2020 Brough Superior AMB 001 is a track-only motorcycle featuring a high-performance 997cc V-twin engine producing 180 hp. Limited to just 100 units, it combines Aston Martin design with Brough Superior engineering.","https://s1.cdn.autoevolution.com/images/moto_models/BROUGH-SUPERIOR_AMB-001-2020_main.jpg","https://s1.cdn.autoevolution.com/images/moto_gallery/brough-superior-amb-001-2020-16556_1.jpg;https://s1.cdn.autoevolution.com/images/moto_gallery/brough-superior-amb-001-2020-16556_2.jpg;https://s1.cdn.autoevolution.com/images/moto_gallery/brough-superior-amb-001-2020-16556_3.jpg;https://s1.cdn.autoevolution.com/images/moto_gallery/brough-superior-amb-001-2020-16556_4.jpg;https://s1.cdn.autoevolution.com/images/moto_gallery/brough-superior-amb-001-2020-16556_5.jpg;https://s1.cdn.autoevolution.com/images/moto_gallery/brough-superior-amb-001-2020-16556_6.jpg;https://s1.cdn.autoevolution.com/images/moto_gallery/brough-superior-amb-001-2020-16556_7.jpg;https://s1.cdn.autoevolution.com/images/moto_gallery/brough-superior-amb-001-2020-16556_8.jpg;https://s1.cdn.autoevolution.com/images/moto_gallery/brough-superior-amb-001-2020-16556_9.jpg;https://s1.cdn.autoevolution.com/images/moto_gallery/brough-superior-amb-001-2020-16556_10.jpg","sport;track-only;limited edition;brough;superior;motorcycle;track;high-performance;v-twin;exclusive;european;luxury","https://www.autoevolution.com/moto/brough-superior-amb-001-2020.html","autoevolution:moto:brough-superior-amb-001-2020"
"Brough Superior","AMB 001 Pro","Brough Superior AMB 001 Pro",2023,,true,"2023","Sport","Sport/SuperSport","France","Petrol","Turbocharged V-twin",997,225,"6-speed",,1,"The Brough Superior AMB 001 Pro is a product of a collaboration between Aston Martin and Brough Superior, featuring a powerful 997cc turbocharged V-twin engine that produces 225 hp. Limited to 88 hand-built units, this motorcycle is inspired by Aston Martin's Valkyrie AMR Pro hypercar.","https://s1.cdn.autoevolution.com/images/moto_models/BROUGH-SUPERIOR_AMB-001-Pro-2023_main.jpg","https://s1.cdn.autoevolution.com/images/moto_gallery/brough-superior-amb-001-pro-2023-16555_1.jpg;https://s1.cdn.autoevolution.com/images/moto_gallery/brough-superior-amb-001-pro-2023-16555_2.jpg;https://s1.cdn.autoevolution.com/images/moto_gallery/brough-superior-amb-001-pro-2023-16555_3.jpg;https://s1.cdn.autoevolution.com/images/moto_gallery/brough-superior-amb-001-pro-2023-16555_4.jpg;https://s1.cdn.autoevolution.com/images/moto_gallery/brough-superior-amb-001-pro-2023-16555_5.jpg;https://s1.cdn.autoevolution.com/images/moto_gallery/brough-superior-amb-001-pro-2023-16555_6.jpg;https://s1.cdn.autoevolution.com/images/moto_gallery/brough-superior-amb-001-pro-2023-16555_7.jpg;https://s1.cdn.autoevolution.com/images/moto_gallery/brough-superior-amb-001-pro-2023-16555_8.jpg;https://s1.cdn.autoevolution.com/images/moto_gallery/brough-superior-amb-001-pro-2023-16555_9.jpg;https://s1.cdn.autoevolution.com/images/moto_gallery/brough-superior-amb-001-pro-2023-16555_10.jpg","sport;track-only;limited edition;brough;superior;amb;001;pro;motorcycle;superbike;turbocharged;french","https://www.autoevolution.com/moto/brough-superior-amb-001-pro-2023.html","autoevolution:moto:brough-superior-amb-001-pro-2023"
"Denza","Bao 5","2026 Denza Bao 5",2026,,true,"2026","SUV (Sports Utility Vehicle)","Large SUV","China","Plug-in Hybrid","1.5L turbocharged gasoline with dual electric motors",,536,,"AWD",1,"The 2026 Denza Bao 5 is a medium-sized SUV that offers a combination of luxurious interiors and a potent plug-in hybrid drivetrain, designed for both on-road comfort and off-road capability.","https://s1.cdn.autoevolution.com/images/models/DENZA_Bao-5-2026_main.jpg","https://s1.cdn.autoevolution.com/images/gallery/denza-bao-5-2026-8136_40.jpg;https://s1.cdn.autoevolution.com/images/gallery/denza-bao-5-2026-8136_41.jpg;https://s1.cdn.autoevolution.com/images/gallery/denza-bao-5-2026-8136_42.jpg;https://s1.cdn.autoevolution.com/images/gallery/denza-bao-5-2026-8136_43.jpg;https://s1.cdn.autoevolution.com/images/gallery/denza-bao-5-2026-8136_44.jpg;https://s1.cdn.autoevolution.com/images/gallery/denza-bao-5-2026-8136_45.jpg;https://s1.cdn.autoevolution.com/images/gallery/denza-bao-5-2026-8136_46.jpg;https://s1.cdn.autoevolution.com/images/gallery/denza-bao-5-2026-8136_47.jpg;https://s1.cdn.autoevolution.com/images/gallery/denza-bao-5-2026-8136_48.jpg;https://s1.cdn.autoevolution.com/images/gallery/denza-bao-5-2026-8136_49.jpg","plug-in hybrid;large suv;off-road;denza;bao 5;2026;suv","https://www.autoevolution.com/cars/denza-bao-5-2026.html","autoevolution:car:denza-bao-5-2026"
"Denza","Z Coupe","DENZA Z Coupe",2026,,true,"2026","Coupé (two-door)","Coupe","China","Electric","Electric",,1604,"1-automatic speed","AWD",1,"The 2026 Denza Z Coupe is a high-performance supercar featuring a tri-motor all-electric drivetrain with a total power output of 1604 hp. It boasts advanced aerodynamics and cutting-edge technology to enhance driving dynamics.","https://s1.cdn.autoevolution.com/images/models/DENZA_Z-Coupe-2026_main.jpg","https://s1.cdn.autoevolution.com/images/gallery/denza-z-coupe-2026-8131_1.jpg;https://s1.cdn.autoevolution.com/images/gallery/denza-z-coupe-2026-8131_2.jpg;https://s1.cdn.autoevolution.com/images/gallery/denza-z-coupe-2026-8131_3.jpg;https://s1.cdn.autoevolution.com/images/gallery/denza-z-coupe-2026-8131_4.jpg;https://s1.cdn.autoevolution.com/images/gallery/denza-z-coupe-2026-8131_5.jpg;https://s1.cdn.autoevolution.com/images/gallery/denza-z-coupe-2026-8131_6.jpg","electric;coupe;supercar;denza;z coupe;awd;performance;2026;china;tri-motor;luxury","https://www.autoevolution.com/cars/denza-z-coupe-2026.html","autoevolution:car:denza-z-coupe-2026"
"Genesis","GV90","Genesis GV90",2026,,true,"2026","SUV (Sports Utility Vehicle)","Large SUV","South Korea","Electric","Electric",,657,,"AWD",1,"Created as the brand's flagship SUV, the 2027 Genesis GV90 combined a powerful electric drivetrain with three-row seating, advanced technologies, and limo-like comfort.","https://s1.cdn.autoevolution.com/images/models/GENESIS_GV90-2026_main.jpg","https://s1.cdn.autoevolution.com/images/gallery/genesis-gv90-2026-8134_6.jpg;https://s1.cdn.autoevolution.com/images/gallery/genesis-gv90-2026-8134_7.jpg;https://s1.cdn.autoevolution.com/images/gallery/genesis-gv90-2026-8134_8.jpg;https://s1.cdn.autoevolution.com/images/gallery/genesis-gv90-2026-8134_9.jpg;https://s1.cdn.autoevolution.com/images/gallery/genesis-gv90-2026-8134_10.jpg;https://s1.cdn.autoevolution.com/images/gallery/genesis-gv90-2026-8134_11.jpg;https://s1.cdn.autoevolution.com/images/gallery/genesis-gv90-2026-8134_12.jpg;https://s1.cdn.autoevolution.com/images/gallery/genesis-gv90-2026-8134_13.jpg;https://s1.cdn.autoevolution.com/images/gallery/genesis-gv90-2026-8134_14.jpg;https://s1.cdn.autoevolution.com/images/gallery/genesis-gv90-2026-8134_15.jpg","electric;large suv;luxury;genesis;gv90;suv;2027","https://www.autoevolution.com/cars/genesis-gv90-2026.html","autoevolution:car:genesis-gv90-2026"
